epoch,loss,val_loss
0,0.553962230682373,0.1796896755695343
1,0.21784819662570953,0.12478235363960266
